{
  "cfr": {
    "2:PASS:BET": [
      0.4950319230556488,
      0.5049680471420288
    ],
    "1:PASS": [
      0.00028885036590509117,
      0.9997111558914185
    ],
    "1:BET": [
      0.00028885036590509117,
      0.9997111558914185
    ],
    "2:": [
      0.9863701462745667,
      0.013629879802465439
    ],
    "1:PASS:BET": [
      0.00029842209187336266,
      0.9997015595436096
    ],
    "2:PASS": [
      0.9963030219078064,
      0.0036969687789678574
    ],
    "2:BET": [
      0.6621654033660889,
      0.3378346562385559
    ],
    "1:": [
      0.5158494710922241,
      0.48415055871009827
    ],
    "3:PASS:BET": [
      0.9998347163200378,
      0.0001652632636250928
    ],
    "3:": [
      0.8882782459259033,
      0.11172175407409668
    ],
    "3:PASS": [
      0.6304334402084351,
      0.36956652998924255
    ],
    "3:BET": [
      0.9993823170661926,
      0.0006176652386784554
    ]
  },
  "stupid_bot": {
    "dummy": [
      0.0,
      1.0
    ]
  }
}